email,password
johnanderson@example.org,test123
teresacampbell@example.org,test123
nancy29@example.org,test123
davilatina@example.net,test123
johnsonamy@example.com,test123
millerpamela@example.net,test123
katherine83@example.com,test123
ianlewis@example.net,test123
xspears@example.net,test123
hurleypedro@example.com,test123
inielsen@example.net,test123
laura27@example.org,test123
marksdaniel@example.org,test123
bentonaudrey@example.org,test123
davidtucker@example.org,test123
jefferycrawford@example.org,test123
tracy28@example.net,test123
wmartin@example.com,test123
rodriguezmichael@example.com,test123
bengabdev4@gmail.com,test123
bengabp@proton.me,adfadfa34343
laswire@infa.hotline,adfad###
testuser1@example.com,
fakeemail123@gmail.com,
notarealperson@hotmail.com,
demoemail567@yahoo.com,
testing1234@fakedomain.com,
imaginaryuser@mailinator.com,
noreplyuser789@fakemail.org,
bogusaccount876@protonmail.com,
fictitious.email@xyzmail.net,
dummyuser432@outlook.com,
